titre;extrait;rubrique
Un pigeon bloque la ligne 8;Un volatile s'est installe dans le poste de conduite. Vingt minutes de retard, zero excuse credible.;INSOLITE
Braquage d'une boulangerie a l'aube;Deux hommes cagoules ont exige le fond de caisse et six croissants. L'enquete continue.;POLICE
Orage record sur le quartier ouest;La foudre a touche un transformateur. Plusieurs rues sont restees dans le noir jusqu'a minuit.;METEO
Finale de petanque sous tension;Le champion local a perdu sur une boule douteuse. Des sifflets ont fuse jusqu'au cafe d'en face.;SPORT
Un chat elu maire honoraire;Les habitants d'une ruelle ont vote pour Minou, deja celebre pour voler les sardines du marche.;INSOLITE
Fuite d'eau dans le palais de justice;L'audience de 10h a ete reportee. Un juge a tenu seance avec des bottes.;SOCIETE
Concert clandestin sur un toit;Une fanfare a reveille tout un immeuble. La police est arrivee... et a demande un rappel.;CULTURE
Pickpocket arrete avec 47 montres;L'homme pretendait tester la mode. Les victimes ne partagent pas cet avis.;POLICE
Canicule : les glaces a 4 euros;Les marchands justifient le tarif par "l'emotion du moment". Les files n'ont pas diminue.;SOCIETE
Un bus prend le mauvais pont;Le chauffeur a suivi son GPS jusqu'a une voie pieonne. Personne n'a ete blesse, sauf l'ego municipal.;INSOLITE
Course de trottinettes interdite;La prefecture rappelle que le trottoir n'est pas un circuit. Un casque rose a ete saisi.;SOCIETE
Statue decapitee place Centrale;Le buste a ete retrouve dans une benne. Un artiste local revendique "une critique du systeme".;CULTURE
Brouillard a couper au couteau;Visibilite nulle sur le peripherique. Les klaxons ont remplace les phares.;METEO
Hold-up manque pour 12 euros;Le suspect a fuit en voyant le ticket de caisse. Il a laisse son bonnet.;POLICE
Marathon des endettes;Des centaines de coureurs ont traverse la ville avec des pancartes "je dois encore 1000e".;SPORT
Un kebab ouvert 27 heures;Le gerant nie le depassement. Ses clients parlent d'un "trou dans le temps".;INSOLITE
Greve des facteurs du centre;Le courrier s'accumule. Plusieurs factures n'arriveront jamais, au grand soulagement de certains.;SOCIETE
Chien heros d'un incendie;Rex a reveille tout l'immeuble. Il a ensuite vole un sandwich des pompiers.;POLICE
Pluie de grenouilles au parc;Un camion de laboratoire a perdu sa cargaison. Les enfants sont ravis, les parents moins.;INSOLITE
Nouveau speakeasy derriere une librairie;On frappe trois fois, on dit "le diable a soif". La queue commence a 18h.;CULTURE
Accident de trottinette contre un mannequin;Le mannequin a gagne. La vitrine aussi.;INSOLITE
Match nul, bagarre vraie;Apres 0-0, les tribunes ont discute avec les poings. Huit interpellations.;SPORT
Vol de fromages dans un camion;Trente meules ont disparu. La police suit "une piste qui sent le reblochon".;POLICE
Vent violent : toits en vadrouille;Une antenne a atterri dans une piscine. La mairie parle d'episode exceptionnel.;METEO
Un bebe trouve dans un panier de linge;L'enfant va bien. Un mot disait : "rendez-le plus tard, je dois jouer en bourse".;SOCIETE
Exposition de tableaux inverses;Le conservateur jure que c'est volontaire. Les visiteurs se tordent le cou depuis mercredi.;CULTURE
Rumeur d'or dans les egouts;Des dizaines de personnes ont descendu les bouches. Elles sont ressorties plus pauvres et plus mouillees.;INSOLITE
Controle fiscal au marche noir;Des stands ont ferme en 40 secondes. Il reste des chaussettes et un perroquet.;POLICE
Vague de froid surprise;Le thermometre a chute de 12 degres. Les vendeurs de echarpes crient au miracle.;METEO
Boxeur local gagne par forfait;L'adversaire a vu le contrat d'assurance. Il a prefere l'hopital... par anticipation.;SPORT
Machine a cafe possedee;Elle sert deux espressos puis un rire. Le service technique a refuse d'y retourner.;INSOLITE
Manifestation des pigeonniers;Ils reclament plus de bancs publics. La ville promet une etude de faisabilite.;SOCIETE
Vol d'une cloche d'eglise;Elle a ete revue sur une remorque. Le cure offre une benediction a qui la ramene.;POLICE
Festival du silence annule;Trop de monde. Les organisateurs presenteront leurs excuses... a voix basse.;CULTURE
Inondation d'un parking souterrain;Des voitures flottaient comme des canards. Les assurances parlent deja de "cas complexe".;METEO
Un ado vend de l'air en sachet;Le stock est epuise. Ses parents demandent un audit.;INSOLITE
Dispute pour une place de parking;Deux voisins, un plot, trois heures. Le maire a fini par tirer a pile ou face.;SOCIETE
Record de crepes a la fete du village;412 crepes, 1 coma sucre. Le jury applaudit quand meme.;CULTURE
Cycliste poursuivi par une oie;La scene a ete filmee. L'oie est recherchee pour coups et blessures.;INSOLITE
Cambriolage d'un salon de the;Les voleurs ont pris la caisse et laisse un mot : "le service etait lent".;POLICE
Eclaircie puis grele en cinq minutes;Les terrasses ont change trois fois de strategie. Les limonades aussi.;METEO
Coach sportif accuse de trop crier;Le quartier a signe une petition. Il repond par un "ALLEZ, ENCORE UNE SERIE".;SPORT
Decouverte d'un tunnel sous le casino;Il menait a la cave a vins. La direction parle d'un "projet immobilier oublie".;POLICE
Vente aux encheres d'une chaussette celebre;Elle aurait appartenu a un trader ruine. Adjugee 80 euros.;CULTURE
Nuage en forme de diable;Les habitants y voient un signe. Les meteorologues y voient un cumulus.;METEO
Un homme marie son cactus;La mairie a refuse l'acte. Les invites ont quand meme mange le gateau.;INSOLITE
Penurie de tickets de metro;Les files s'allongent. Un revendeur propose le double du prix, naturellement.;SOCIETE
Chasse au tresor dans les egouts;La carte datait de 1982. Personne n'a trouve l'or, tout le monde a trouve des rats.;INSOLITE
Starlette perdue dans le centre commercial;Elle cherchait la sortie depuis deux heures. Un vigile l'a guidee vers les soldes.;CULTURE
Bagage suspect : c'etait un fromage;L'alerte a vide la gare. Le propriétaire s'est excuse aupres des chiens renifleurs.;POLICE
Levée de soleil a 16h selon un horloger;Sa vitrine etait a l'heure d'un autre continent. Il vendait aussi des dettes.;INSOLITE
Tournoi d'echecs dans le metro;La partie s'est terminee au terminus. Le vainqueur a rate son arret.;SPORT
Fuite de dossiers a la mairie;Des listes d'impayes trainaient sur un banc. Plusieurs noms ont disparu depuis.;SOCIETE
Un taxi refuse les clients trop riches;Il dit que ca porte malheur. Ses pourboires aussi, apparemment.;INSOLITE
Incendie etient par de la limonade;Les pompiers confirment. La marque demande maintenant une pub.;POLICE
Premiere neige en pleine canicule;Un camion frigorifique a explose sa porte. Les enfants ont fait des boules.;METEO
Chorale accusee de trop bien chanter;Les voisins n'arrivent plus a se concentrer sur leurs malheurs. Ils portent plainte.;CULTURE
Un banquier donne des pieces aux pigeons;Il dit que c'est un placement. Les pigeons, eux, veulent du pain.;SOCIETE
Course de caddies interdite au super;Trois adolescents, deux caddies, une glissade. Le directeur a ferme le rayon boissons.;SPORT
Statue de cire fondue sur le trottoir;Un celebre trader local n'a plus de visage. Les passants trouvent ca "plus honnete".;INSOLITE
